<?xml version="1.0" encoding="utf-8"?>
<eml:eml xmlns:eml="eml://ecoinformatics.org/eml-2.1.1" xmlns:xsi="http://www.w3.org/2001/XMLSchema-instance"
         xsi:schemaLocation="eml://ecoinformatics.org/eml-2.1.1 http://rs.gbif.org/schema/eml-gbif-profile/1.1/eml.xsd"
        packageId="10.15468/dl.gdcsfm"  system="http://gbif.org" scope="system"
  xml:lang="en">

<dataset>
        <alternateIdentifier>0299605-200613084148143</alternateIdentifier>
    <title>GBIF Occurrence Download 10.15468/dl.gdcsfm</title>
    <creator>
    <individualName>
          <surName>GBIF Download Service</surName>
    </individualName>
<electronicMailAddress>support@gbif.org</electronicMailAddress>    </creator>
    <metadataProvider>
    <individualName>
          <surName>GBIF Download Service</surName>
    </individualName>
<electronicMailAddress>support@gbif.org</electronicMailAddress>    </metadataProvider>
      <pubDate>
      2021-06-10
      </pubDate>
    <language>ENGLISH</language>
    <abstract>
        <para>A dataset containing all occurrences available in GBIF matching the query:
{
  &quot;and&quot; : [
    &quot;TaxonKey is Coccyzus americanus (Linnaeus, 1758)&quot;,
    &quot;HasCoordinate is True&quot;,
    &quot;Country is United States of America&quot;,
    &quot;Year is greater than or equal to 2011&quot;,
    &quot;Year is less than or equal to 2020&quot;,
    &quot;Month is greater than or equal to June&quot;,
    &quot;Month is less than or equal to August&quot;,
    &quot;DecimalLatitude is greater than or equal to 30&quot;,
    &quot;DecimalLatitude is less than or equal to 35&quot;,
    &quot;DecimalLongitude is greater than or equal to -89&quot;,
    &quot;DecimalLongitude is less than or equal to -75&quot;
  ]
}
The dataset includes records from the following constituent datasets. The full metadata for each constituent is also included in this archive:
2 records from Xeno-canto - Bird sounds from around the world
42 records from iNaturalist Research-grade Observations
22379 records from EOD - eBird Observation Dataset
</para>
    </abstract>
      <contact>
    <individualName>
          <surName>GBIF Download Service</surName>
    </individualName>
<electronicMailAddress>support@gbif.org</electronicMailAddress>      </contact>

</dataset>

<additionalMetadata>
    <metadata>
      <gbif>
        <dateStamp>2021-06-10T18:50:13Z</dateStamp>
      <citation identifier="10.15468/dl.gdcsfm">GBIF Occurrence Download 10.15468/dl.gdcsfm</citation>
              <physical>
                  <objectName>Darwin Core Archive</objectName>
                  <characterEncoding>UTF-8</characterEncoding>
                  <dataFormat>
                      <externallyDefinedFormat>
                          <formatName>Darwin Core Archive</formatName>
                      </externallyDefinedFormat>
                  </dataFormat>
                  <distribution>
                      <online>
                          <url function="download">https://api.gbif.org/v1/occurrence/download/request/0299605-200613084148143.zip</url>
                      </online>
                  </distribution>
              </physical>
        </gbif>
    </metadata>
</additionalMetadata>

</eml:eml>
